baseline,episode,return,composite_score,throughput,deadline_hit_rate,avg_delay,overload_events,bad_assignment_rate
Random,0,529.3667381758436,96.64705882352942,17,0.8947368421052632,14.705882352941176,0,0.0
Random,1,439.71393785338444,95.26470588235293,17,0.8947368421052632,17.470588235294116,0,0.0
Random,2,774.966024345457,121.78947368421052,19,0.9047619047619048,12.421052631578947,0,0.0
Random,3,371.9173948952054,118.81578947368422,19,0.9047619047619048,18.36842105263158,0,0.0
Random,4,338.06323843276925,46.73529411764707,17,0.85,14.529411764705882,0,0.0
Random,5,413.6309916172436,109.02777777777777,18,0.9,13.944444444444445,0,0.0
Random,6,533.5127147725518,109.47222222222223,18,0.9,13.055555555555555,0,0.0
Random,7,884.512570943409,220.52631578947367,19,1.0,14.947368421052632,0,0.0
Random,8,712.9966659028037,186.09375,16,1.0,11.8125,0,0.0
Random,9,522.8136271926433,120.10526315789474,19,0.9047619047619048,15.789473684210526,0,0.0
Random,10,656.31945724638,221.78947368421052,19,1.0,12.421052631578947,0,0.0
Random,11,563.3843456192532,208.30555555555554,18,1.0,15.38888888888889,0,0.0
Random,12,721.581398303011,220.97368421052633,19,1.0,14.052631578947368,0,0.0
Random,13,563.2563675640862,-3.029411764705884,17,0.8095238095238095,14.058823529411764,0,0.0
Random,14,711.6770335066025,147.47058823529412,17,0.9444444444444444,13.058823529411764,0,0.0
Random,15,397.2132351206147,159.86111111111111,18,0.9473684210526315,12.277777777777779,0,0.0
Random,16,631.8541744944006,219.07894736842104,19,1.0,17.842105263157894,0,0.0
Random,17,538.1212675704041,108.97222222222223,18,0.9,14.055555555555555,0,0.0
Random,18,365.4086051485388,154.72222222222223,18,0.9473684210526315,12.555555555555555,1,0.0
Random,19,729.8156889382293,171.31578947368422,19,0.95,13.368421052631579,0,0.0
Random,20,649.9096860816609,96.5,17,0.8947368421052632,15.0,0,0.0
Random,21,535.4461822204798,221.0,19,1.0,14.0,0,0.0
Random,22,476.2369773838462,169.6315789473684,19,0.95,16.736842105263158,0,0.0
Random,23,457.9625011675102,107.44444444444446,18,0.9,17.11111111111111,0,0.0
Random,24,348.13445840270134,158.77777777777777,18,0.9473684210526315,14.444444444444445,0,0.0
Random,25,555.7906780579232,146.1764705882353,17,0.9444444444444444,15.647058823529411,0,0.0
Random,26,578.4741438157557,220.52631578947367,19,1.0,14.947368421052632,0,0.0
Random,27,529.0264429792092,46.823529411764696,17,0.85,14.352941176470589,0,0.0
Random,28,653.3942715689207,209.5,18,1.0,13.0,0,0.0
Random,29,737.2825127364505,208.83333333333334,18,1.0,14.333333333333334,0,0.0
Random,30,638.7664861534691,159.02777777777777,18,0.9473684210526315,13.944444444444445,0,0.0
Random,31,537.8210736164349,209.91666666666666,18,1.0,12.166666666666666,0,0.0
Random,32,881.9912071084229,220.6315789473684,19,1.0,14.736842105263158,0,0.0
Random,33,576.3677133218088,198.3235294117647,17,1.0,11.352941176470589,0,0.0
Random,34,431.50980000602715,157.41666666666666,18,0.9473684210526315,17.166666666666668,0,0.0
Random,35,416.5510721421606,220.0,19,1.0,16.0,0,0.0
Random,36,521.8570187897554,221.31578947368422,19,1.0,13.368421052631579,0,0.0
Random,37,592.1142406305948,209.58333333333334,18,1.0,12.833333333333334,0,0.0
Random,38,585.7830437384961,219.73684210526315,19,1.0,16.526315789473685,0,0.0
Random,39,602.4753141472032,221.47368421052633,19,1.0,13.052631578947368,0,0.0
Random,40,517.654774093172,169.6578947368421,19,0.95,16.68421052631579,0,0.0
Random,41,497.1170062516934,220.68421052631578,19,1.0,14.631578947368421,0,0.0
Random,42,665.2545554825766,110.19444444444446,18,0.9,11.61111111111111,0,0.0
Random,43,319.7442964456939,47.44117647058823,17,0.85,13.117647058823529,0,0.0
Random,44,556.2486547517929,219.89473684210526,19,1.0,16.210526315789473,0,0.0
Random,45,541.7045001406192,208.5,18,1.0,15.0,0,0.0
Random,46,756.3606933952822,220.6578947368421,19,1.0,14.68421052631579,0,0.0
Random,47,477.9185133484652,70.42105263157896,19,0.8636363636363636,15.157894736842104,0,0.0
Random,48,458.87783316196516,70.92105263157896,19,0.8636363636363636,14.157894736842104,0,0.0
Random,49,402.7241150633824,219.78947368421052,19,1.0,16.42105263157895,0,0.0
Random,50,371.4454601452387,35.65625,16,0.8421052631578947,12.6875,0,0.0
Random,51,721.7192425878823,48.470588235294116,17,0.85,11.058823529411764,0,0.0
Random,52,567.5340087993499,109.69444444444446,18,0.9,12.61111111111111,0,0.0
Random,53,810.7764858263332,208.66666666666666,18,1.0,14.666666666666666,0,0.0
Random,54,753.2278835028376,221.26315789473685,19,1.0,13.473684210526315,0,0.0
Random,55,694.0058085635014,219.71052631578948,19,1.0,16.57894736842105,0,0.0
Random,56,758.2280381646289,222.02631578947367,19,1.0,11.947368421052632,0,0.0
Random,57,423.4243513652036,-14.71875,16,0.8,13.4375,0,0.0
Random,58,404.2788938184478,195.61764705882354,17,1.0,16.764705882352942,0,0.0
Random,59,361.33330980505184,209.27777777777777,18,1.0,13.444444444444445,0,0.0
Random,60,301.90691854678454,83.15625,16,0.8888888888888888,17.6875,0,0.0
Random,61,521.2727760259436,158.83333333333334,18,0.9473684210526315,14.333333333333334,0,0.0
Random,62,516.4039900427031,220.92105263157896,19,1.0,14.157894736842104,0,0.0
Random,63,607.2245279764286,157.58333333333334,18,0.9473684210526315,16.833333333333332,0,0.0
Random,64,503.90465434584104,107.36111111111111,18,0.9,17.27777777777778,0,0.0
Random,65,482.3651309184434,198.2941176470588,17,1.0,11.411764705882353,0,0.0
Random,66,509.58483617458967,147.52941176470588,17,0.9444444444444444,12.941176470588236,0,0.0
Random,67,619.1981742708249,208.75,18,1.0,14.5,0,0.0
Random,68,796.5638947836176,221.68421052631578,19,1.0,12.631578947368421,0,0.0
Random,69,350.3126298714521,45.382352941176464,17,0.85,17.235294117647058,0,0.0
Random,70,537.3086821363123,147.61764705882354,17,0.9444444444444444,12.764705882352942,0,0.0
Random,71,380.5515181365616,135.90625,16,0.9411764705882353,12.1875,0,0.0
Random,72,480.05288576656505,220.89473684210526,19,1.0,14.210526315789474,0,0.0
Random,73,511.7011064317585,109.13888888888889,18,0.9,13.722222222222221,0,0.0
Random,74,501.5235239267502,220.92105263157896,19,1.0,14.157894736842104,0,0.0
Random,75,363.4014913528317,107.97222222222223,18,0.9,16.055555555555557,0,0.0
Random,76,461.98278476887606,135.46875,16,0.9411764705882353,13.0625,0,0.0
Random,77,451.5605405363611,108.55555555555554,18,0.9,14.88888888888889,0,0.0
Random,78,477.9155944503992,220.94736842105263,19,1.0,14.105263157894736,0,0.0
Random,79,464.65944511403956,135.375,16,0.9411764705882353,13.25,0,0.0
Random,80,487.32847948778726,169.81578947368422,19,0.95,16.36842105263158,0,0.0
Random,81,562.068461122892,146.97058823529412,17,0.9444444444444444,14.058823529411764,0,0.0
Random,82,510.9797958166367,86.0,16,0.8888888888888888,12.0,0,0.0
Random,83,660.7351013271393,209.41666666666666,18,1.0,13.166666666666666,0,0.0
Random,84,443.75458806212816,169.78947368421052,19,0.95,16.42105263157895,0,0.0
Random,85,498.1390620888539,157.05555555555554,18,0.9473684210526315,17.88888888888889,0,0.0
Random,86,541.1498499172048,157.94444444444446,18,0.9473684210526315,16.11111111111111,0,0.0
Random,87,625.6740843519098,107.30555555555554,18,0.9,17.38888888888889,0,0.0
Random,88,587.4961789272403,158.33333333333334,18,0.9473684210526315,15.333333333333334,0,0.0
Random,89,497.28640810708396,158.94444444444446,18,0.9473684210526315,14.11111111111111,0,0.0
Random,90,676.0531624238794,220.31578947368422,19,1.0,15.368421052631579,0,0.0
Random,91,756.4736560323761,209.58333333333334,18,1.0,12.833333333333334,0,0.0
Random,92,541.4433461912945,209.55555555555554,18,1.0,12.88888888888889,0,0.0
Random,93,410.847014118372,221.1578947368421,19,1.0,13.68421052631579,0,0.0
Random,94,574.3619354907863,33.46875,16,0.8421052631578947,17.0625,0,0.0
Random,95,507.67202110701345,185.125,16,1.0,13.75,0,0.0
Random,96,647.375330930462,146.26470588235293,17,0.9444444444444444,15.470588235294118,0,0.0
Random,97,364.6810832063709,146.02941176470588,17,0.9444444444444444,15.941176470588236,0,0.0
Random,98,647.1669191275337,209.16666666666666,18,1.0,13.666666666666666,0,0.0
Random,99,423.2171542700798,96.73529411764707,17,0.8947368421052632,14.529411764705882,0,0.0
Random,100,730.1724372868318,197.58823529411765,17,1.0,12.823529411764707,0,0.0
Random,101,449.3035967336977,96.58823529411765,17,0.8947368421052632,14.823529411764707,0,0.0
Random,102,528.1779917076179,221.8421052631579,19,1.0,12.31578947368421,0,0.0
Random,103,325.44544065921224,23.666666666666657,15,0.8333333333333334,12.666666666666666,0,0.0
Random,104,427.946048746487,197.61764705882354,17,1.0,12.764705882352942,0,0.0
Random,105,673.5616834261261,169.5263157894737,19,0.95,16.94736842105263,0,0.0
Random,106,723.633598210438,221.28947368421052,19,1.0,13.421052631578947,0,0.0
Random,107,821.0643354508751,159.16666666666666,18,0.9473684210526315,13.666666666666666,0,0.0
Random,108,588.7086130167725,221.89473684210526,19,1.0,12.210526315789474,0,0.0
Random,109,435.87459540601674,157.38888888888889,18,0.9473684210526315,17.22222222222222,0,0.0
Random,110,610.7543051329146,209.5,18,1.0,13.0,0,0.0
Random,111,665.7713988218034,170.3684210526316,19,0.95,15.263157894736842,0,0.0
Random,112,551.7775017326425,147.6764705882353,17,0.9444444444444444,12.647058823529411,0,0.0
Random,113,459.89840793754774,220.18421052631578,19,1.0,15.631578947368421,0,0.0
Random,114,562.7212696147882,220.07894736842104,19,1.0,15.842105263157896,0,0.0
Random,115,579.7096458924275,186.15625,16,1.0,11.6875,0,0.0
Random,116,487.34890042807245,220.89473684210526,19,1.0,14.210526315789474,0,0.0
Random,117,672.7217101334818,220.78947368421052,19,1.0,14.421052631578947,0,0.0
Random,118,531.477515861548,145.64705882352942,17,0.9444444444444444,16.705882352941178,0,0.0
Random,119,683.0971709203068,108.44444444444446,18,0.9,15.11111111111111,0,0.0
Random,120,651.2901205088441,171.23684210526315,19,0.95,13.526315789473685,0,0.0
Random,121,704.9225493283334,159.94444444444446,18,0.9473684210526315,12.11111111111111,0,0.0
Random,122,678.5319465756089,221.39473684210526,19,1.0,13.210526315789474,0,0.0
Random,123,508.8422329686714,158.22222222222223,18,0.9473684210526315,15.555555555555555,0,0.0
Random,124,630.7021459792893,209.08333333333334,18,1.0,13.833333333333334,0,0.0
Random,125,534.7908586348713,220.6315789473684,19,1.0,14.736842105263158,0,0.0
Random,126,530.2087579250925,45.41176470588235,17,0.85,17.176470588235293,0,0.0
Random,127,478.44660531975626,121.44736842105263,19,0.9047619047619048,13.105263157894736,0,0.0
Random,128,372.1475546077904,-76.23333333333332,15,0.75,12.466666666666667,0,0.0
Random,129,681.311957291953,208.66666666666666,18,1.0,14.666666666666666,0,0.0
Random,130,540.4206282971945,147.1764705882353,17,0.9444444444444444,13.647058823529411,0,0.0
Random,131,574.8649363214979,147.47058823529412,17,0.9444444444444444,13.058823529411764,0,0.0
Random,132,539.127018579466,197.76470588235293,17,1.0,12.470588235294118,0,0.0
Random,133,666.4931772766028,48.05882352941177,17,0.85,11.882352941176471,0,0.0
Random,134,465.74478729826416,170.73684210526315,19,0.95,14.526315789473685,0,0.0
Random,135,341.9050413013934,158.94444444444446,18,0.9473684210526315,14.11111111111111,0,0.0
Random,136,456.39984521912214,159.77777777777777,18,0.9473684210526315,12.444444444444445,0,0.0
Random,137,620.736354744169,219.8684210526316,19,1.0,16.263157894736842,0,0.0
Random,138,565.193729067778,159.0,18,0.9473684210526315,14.0,0,0.0
Random,139,624.7279682674435,158.88888888888889,18,0.9473684210526315,14.222222222222221,0,0.0
Random,140,394.7118240333318,109.58333333333334,18,0.9,12.833333333333334,0,0.0
Random,141,570.087822166205,-116.21875,16,0.7272727272727273,16.4375,0,0.0
Random,142,580.811090727532,209.61111111111111,18,1.0,12.777777777777779,0,0.0
Random,143,631.2987218667682,221.39473684210526,19,1.0,13.210526315789474,0,0.0
Random,144,563.1933215698648,158.69444444444446,18,0.9473684210526315,14.61111111111111,0,0.0
Random,145,718.4318172670003,46.70588235294119,17,0.85,14.588235294117647,0,0.0
Random,146,421.81276263286173,209.80555555555554,18,1.0,12.38888888888889,0,0.0
Random,147,807.1809073688202,158.44444444444446,18,0.9473684210526315,15.11111111111111,0,0.0
Random,148,748.4820280187527,221.26315789473685,19,1.0,13.473684210526315,0,0.0
Random,149,511.5926667326228,209.36111111111111,18,1.0,13.277777777777779,0,0.0
Random,150,306.6288049201952,-189.21428571428572,14,0.6666666666666666,14.428571428571429,0,0.0
Random,151,688.1344147393467,147.97058823529412,17,0.9444444444444444,12.058823529411764,0,0.0
Random,152,626.8804815909381,109.27777777777777,18,0.9,13.444444444444445,0,0.0
Random,153,390.46643061591465,170.5,19,0.95,15.0,0,0.0
Random,154,571.2613937737488,158.11111111111111,18,0.9473684210526315,15.777777777777779,0,0.0
Random,155,573.4475231024544,85.53125,16,0.8888888888888888,12.9375,0,0.0
Random,156,536.8100320739985,-15.5,16,0.8,15.0,0,0.0
Random,157,612.82611950055,209.44444444444446,18,1.0,13.11111111111111,0,0.0
Random,158,503.5177864572937,-14.5625,16,0.8,13.125,0,0.0
Random,159,464.5064511558305,209.80555555555554,18,1.0,12.38888888888889,0,0.0
Random,160,642.1785484388411,220.6315789473684,19,1.0,14.736842105263158,0,0.0
Random,161,884.220907972258,208.86111111111111,18,1.0,14.277777777777779,0,0.0
Random,162,702.7839220816793,221.52631578947367,19,1.0,12.947368421052632,0,0.0
Random,163,525.8587364788007,157.63888888888889,18,0.9473684210526315,16.72222222222222,0,0.0
Random,164,564.7021644773478,109.27777777777777,18,0.9,13.444444444444445,0,0.0
Random,165,305.72793921500505,96.05882352941177,17,0.8947368421052632,15.882352941176471,0,0.0
Random,166,387.8160447420818,96.41176470588235,17,0.8947368421052632,15.176470588235293,0,0.0
Random,167,518.5762584659368,157.80555555555554,18,0.9473684210526315,16.38888888888889,0,0.0
Random,168,740.7170855542937,107.47222222222223,18,0.9,17.055555555555557,0,0.0
Random,169,649.3632666531146,208.25,18,1.0,15.5,0,0.0
Random,170,477.49452380302284,-14.96875,16,0.8,13.9375,0,0.0
Random,171,464.95801076284437,56.888888888888886,18,0.8571428571428571,18.22222222222222,0,0.0
Random,172,586.702447126505,185.875,16,1.0,12.25,0,0.0
Random,173,512.8779664467224,218.71052631578948,19,1.0,18.57894736842105,0,0.0
Random,174,620.2168667477553,208.41666666666666,18,1.0,15.166666666666666,0,0.0
Random,175,827.3869147200816,221.5,19,1.0,13.0,0,0.0
Random,176,390.7096824933149,47.117647058823536,17,0.85,13.764705882352942,0,0.0
Random,177,450.30358197668323,159.30555555555554,18,0.9473684210526315,13.38888888888889,0,0.0
Random,178,843.9219494684658,221.28947368421052,19,1.0,13.421052631578947,0,0.0
Random,179,422.902875321543,47.08823529411765,17,0.85,13.823529411764707,0,0.0
Random,180,559.145873685444,158.33333333333334,18,0.9473684210526315,15.333333333333334,0,0.0
Random,181,658.811812960283,221.68421052631578,19,1.0,12.631578947368421,0,0.0
Random,182,593.3588567340018,159.88888888888889,18,0.9473684210526315,12.222222222222221,0,0.0
Random,183,553.1959217957867,95.44117647058823,17,0.8947368421052632,17.11764705882353,0,0.0
Random,184,530.6176395425002,46.617647058823536,17,0.85,14.764705882352942,0,0.0
Random,185,593.188027303522,220.76315789473685,19,1.0,14.473684210526315,0,0.0
Random,186,506.75834310456696,62.03571428571428,14,0.875,11.928571428571429,0,0.0
Random,187,787.1031033126524,170.10526315789474,19,0.95,15.789473684210526,0,0.0
Random,188,312.3025664578333,170.21052631578948,19,0.95,15.578947368421053,0,0.0
Random,189,537.1234639205866,197.91176470588235,17,1.0,12.176470588235293,0,0.0
Random,190,664.6016116675362,146.94117647058823,17,0.9444444444444444,14.117647058823529,0,0.0
Random,191,792.1635589634142,147.23529411764707,17,0.9444444444444444,13.529411764705882,0,0.0
Random,192,592.1531871992332,159.44444444444446,18,0.9473684210526315,13.11111111111111,0,0.0
Random,193,369.19048672734783,46.79411764705881,17,0.85,14.411764705882353,0,0.0
Random,194,369.2981901035987,108.63888888888889,18,0.9,14.722222222222221,0,0.0
Random,195,576.68084934946,221.02631578947367,19,1.0,13.947368421052632,0,0.0
Random,196,655.4378349522007,221.1315789473684,19,1.0,13.736842105263158,0,0.0
Random,197,455.0107888856473,158.44444444444446,18,0.9473684210526315,15.11111111111111,0,0.0
Random,198,487.63844949934725,59.02777777777777,18,0.8571428571428571,13.944444444444445,0,0.0
Random,199,641.0983999637281,221.6315789473684,19,1.0,12.736842105263158,0,0.0
Greedy,0,591.3658218083303,222.18421052631578,19,1.0,11.631578947368421,0,0.0
Greedy,1,554.7353874663925,160.11111111111111,18,0.9473684210526315,11.777777777777779,0,0.0
Greedy,2,835.3635216148343,222.28947368421052,19,1.0,11.421052631578947,0,0.0
Greedy,3,311.6187141695203,98.0,17,0.8947368421052632,12.0,0,0.0
Greedy,4,391.81069826091374,210.22222222222223,18,1.0,11.555555555555555,0,0.0
Greedy,5,450.6295446824417,221.60526315789474,19,1.0,12.789473684210526,0,0.0
Greedy,6,524.8007783057371,171.8684210526316,19,0.95,12.263157894736842,0,0.0
Greedy,7,783.0328216648785,160.86111111111111,18,0.9473684210526315,10.277777777777779,0,0.0
Greedy,8,860.908089156786,222.1315789473684,19,1.0,11.736842105263158,0,0.0
Greedy,9,625.9355665077645,222.10526315789474,19,1.0,11.789473684210526,0,0.0
Greedy,10,710.7346217253072,199.11764705882354,17,1.0,9.764705882352942,0,0.0
Greedy,11,720.5321818380785,222.3421052631579,19,1.0,11.31578947368421,0,0.0
Greedy,12,695.9078743354307,110.63888888888889,18,0.9,10.722222222222221,0,0.0
Greedy,13,674.8083619577909,210.58333333333334,18,1.0,10.833333333333334,0,0.0
Greedy,14,835.1417729412518,210.77777777777777,18,1.0,10.444444444444445,0,0.0
Greedy,15,443.77694188390535,171.8684210526316,19,0.95,12.263157894736842,0,0.0
Greedy,16,723.4255783253658,222.3421052631579,19,1.0,11.31578947368421,0,0.0
Greedy,17,704.9222327896294,221.6315789473684,19,1.0,12.736842105263158,0,0.0
Greedy,18,406.1076565771168,221.81578947368422,19,1.0,12.368421052631579,0,0.0
Greedy,19,670.7378061664405,210.61111111111111,18,1.0,10.777777777777779,0,0.0
Greedy,20,678.4325965145268,110.58333333333334,18,0.9,10.833333333333334,0,0.0
Greedy,21,437.85799958452156,110.36111111111111,18,0.9,11.277777777777779,0,0.0
Greedy,22,495.2622558337944,221.97368421052633,19,1.0,12.052631578947368,0,0.0
Greedy,23,515.4173415438879,110.05555555555554,18,0.9,11.88888888888889,0,0.0
Greedy,24,431.8086686873114,221.78947368421052,19,1.0,12.421052631578947,0,0.0
Greedy,25,530.636608221163,148.8235294117647,17,0.9444444444444444,10.352941176470589,0,0.0
Greedy,26,567.9007916937012,222.1315789473684,19,1.0,11.736842105263158,0,0.0
Greedy,27,613.0109203891401,171.94736842105263,19,0.95,12.105263157894736,0,0.0
Greedy,28,657.1923489174234,172.23684210526315,19,0.95,11.526315789473685,0,0.0
Greedy,29,703.987280880429,222.0,19,1.0,12.0,0,0.0
Greedy,30,590.0868779627405,48.617647058823536,17,0.85,10.764705882352942,0,0.0
Greedy,31,509.90094643403035,210.25,18,1.0,11.5,0,0.0
Greedy,32,900.007701308731,210.63888888888889,18,1.0,10.722222222222221,0,0.0
Greedy,33,690.6251110405515,222.28947368421052,19,1.0,11.421052631578947,0,0.0
Greedy,34,533.3379184755494,210.27777777777777,18,1.0,11.444444444444445,0,0.0
Greedy,35,520.8622377753385,221.8421052631579,19,1.0,12.31578947368421,0,0.0
Greedy,36,605.9239166124388,171.89473684210526,19,0.95,12.210526315789474,0,0.0
Greedy,37,571.3043180987768,221.71052631578948,19,1.0,12.578947368421053,0,0.0
Greedy,38,675.214078233758,221.73684210526315,19,1.0,12.526315789473685,0,0.0
Greedy,39,546.947885832133,222.05263157894737,19,1.0,11.894736842105264,0,0.0
Greedy,40,588.9578819632559,222.1315789473684,19,1.0,11.736842105263158,0,0.0
Greedy,41,508.2622898290306,210.25,18,1.0,11.5,0,0.0
Greedy,42,724.7830636415563,222.05263157894737,19,1.0,11.894736842105264,0,0.0
Greedy,43,385.6292724932609,221.6315789473684,19,1.0,12.736842105263158,0,0.0
Greedy,44,472.312101328419,198.61764705882354,17,1.0,10.764705882352942,0,0.0
Greedy,45,627.9000291137335,210.47222222222223,18,1.0,11.055555555555555,0,0.0
Greedy,46,688.2096384409027,160.33333333333334,18,0.9473684210526315,11.333333333333334,0,0.0
Greedy,47,572.4904303769879,171.81578947368422,19,0.95,12.368421052631579,0,0.0
Greedy,48,526.3683122098523,210.30555555555554,18,1.0,11.38888888888889,0,0.0
Greedy,49,417.5521594444131,221.28947368421052,19,1.0,13.421052631578947,0,0.0
Greedy,50,474.37332192527026,159.86111111111111,18,0.9473684210526315,12.277777777777779,0,0.0
Greedy,51,905.8416990230711,222.6315789473684,19,1.0,10.736842105263158,0,0.0
Greedy,52,669.0901913134443,222.10526315789474,19,1.0,11.789473684210526,0,0.0
Greedy,53,717.7553739193297,210.22222222222223,18,1.0,11.555555555555555,0,0.0
Greedy,54,759.5401470107934,222.3684210526316,19,1.0,11.263157894736842,0,0.0
Greedy,55,794.7654648665082,222.10526315789474,19,1.0,11.789473684210526,0,0.0
Greedy,56,726.7031818710486,222.5,19,1.0,11.0,0,0.0
Greedy,57,568.6232771283694,98.38235294117646,17,0.8947368421052632,11.235294117647058,0,0.0
Greedy,58,487.0044617006195,210.44444444444446,18,1.0,11.11111111111111,0,0.0
Greedy,59,330.1680012623134,198.35294117647058,17,1.0,11.294117647058824,0,0.0
Greedy,60,418.4066335402863,198.55882352941177,17,1.0,10.882352941176471,0,0.0
Greedy,61,539.8755563905438,210.52777777777777,18,1.0,10.944444444444445,0,0.0
Greedy,62,508.00991264891076,222.23684210526315,19,1.0,11.526315789473685,0,0.0
Greedy,63,646.5185733877313,171.31578947368422,19,0.95,13.368421052631579,0,0.0
Greedy,64,542.3063417787025,222.07894736842104,19,1.0,11.842105263157896,0,0.0
Greedy,65,485.38790528552954,221.89473684210526,19,1.0,12.210526315789474,0,0.0
Greedy,66,489.23598292352233,171.78947368421052,19,0.95,12.421052631578947,0,0.0
Greedy,67,668.5066148591109,222.07894736842104,19,1.0,11.842105263157896,0,0.0
Greedy,68,757.3898782097922,210.55555555555554,18,1.0,10.88888888888889,0,0.0
Greedy,69,391.03229972425993,159.72222222222223,18,0.9473684210526315,12.555555555555555,0,0.0
Greedy,70,566.9568690938936,172.1315789473684,19,0.95,11.736842105263158,0,0.0
Greedy,71,582.5186986483614,210.27777777777777,18,1.0,11.444444444444445,0,0.0
Greedy,72,488.51759906982886,198.61764705882354,17,1.0,10.764705882352942,0,0.0
Greedy,73,666.4379099394364,210.63888888888889,18,1.0,10.722222222222221,0,0.0
Greedy,74,459.1378387785212,222.10526315789474,19,1.0,11.789473684210526,0,0.0
Greedy,75,432.7044304597066,186.65625,16,1.0,10.6875,0,0.0
Greedy,76,404.1975437340267,48.64705882352942,17,0.85,10.705882352941176,0,0.0
Greedy,77,482.1823917508017,171.8421052631579,19,0.95,12.31578947368421,0,0.0
Greedy,78,514.7635712256777,221.76315789473685,19,1.0,12.473684210526315,0,0.0
Greedy,79,615.6386399803033,209.97222222222223,18,1.0,12.055555555555555,0,0.0
Greedy,80,508.93581495261765,221.71052631578948,19,1.0,12.578947368421053,0,0.0
Greedy,81,603.5302934671007,210.58333333333334,18,1.0,10.833333333333334,0,0.0
Greedy,82,591.4762899736087,148.6764705882353,17,0.9444444444444444,10.647058823529411,0,0.0
Greedy,83,602.5275446388298,210.41666666666666,18,1.0,11.166666666666666,0,0.0
Greedy,84,456.09790515215894,222.10526315789474,19,1.0,11.789473684210526,0,0.0
Greedy,85,472.87577180306823,221.3684210526316,19,1.0,13.263157894736842,0,0.0
Greedy,86,665.913149316566,221.6578947368421,19,1.0,12.68421052631579,0,0.0
Greedy,87,620.5308327629896,222.1315789473684,19,1.0,11.736842105263158,0,0.0
Greedy,88,675.6815247006664,221.57894736842104,19,1.0,12.842105263157896,0,0.0
Greedy,89,471.7193979632551,171.18421052631578,19,0.95,13.631578947368421,0,0.0
Greedy,90,656.5049847907726,222.0,19,1.0,12.0,0,0.0
Greedy,91,635.6313853112373,186.8125,16,1.0,10.375,0,0.0
Greedy,92,591.3444327741187,210.19444444444446,18,1.0,11.61111111111111,0,0.0
Greedy,93,394.4887203255903,198.5,17,1.0,11.0,0,0.0
Greedy,94,800.355985302446,198.97058823529412,17,1.0,10.058823529411764,0,0.0
Greedy,95,447.9826966029574,198.76470588235293,17,1.0,10.470588235294118,0,0.0
Greedy,96,681.7663991258918,210.58333333333334,18,1.0,10.833333333333334,0,0.0
Greedy,97,452.4319928174763,221.3684210526316,19,1.0,13.263157894736842,0,0.0
Greedy,98,717.4282183427129,210.27777777777777,18,1.0,11.444444444444445,0,0.0
Greedy,99,666.3285023145448,221.8421052631579,19,1.0,12.31578947368421,0,0.0
Greedy,100,715.0001981767366,222.26315789473685,19,1.0,11.473684210526315,0,0.0
Greedy,101,590.164400835269,221.42105263157896,19,1.0,13.157894736842104,0,0.0
Greedy,102,378.4230239572006,175.03333333333333,15,1.0,9.933333333333334,0,0.0
Greedy,103,373.48790208340813,75.0,15,0.8823529411764706,10.0,0,0.0
Greedy,104,404.4804271343729,186.84375,16,1.0,10.3125,0,0.0
Greedy,105,623.1179392103603,109.72222222222223,18,0.9,12.555555555555555,0,0.0
Greedy,106,703.2842277319351,221.8421052631579,19,1.0,12.31578947368421,0,0.0
Greedy,107,801.0617563674905,198.97058823529412,17,1.0,10.058823529411764,0,0.0
Greedy,108,596.7953839885051,210.69444444444446,18,1.0,10.61111111111111,0,0.0
Greedy,109,498.57632625356683,171.42105263157896,19,0.95,13.157894736842104,0,0.0
Greedy,110,639.6136549306478,210.08333333333334,18,1.0,11.833333333333334,0,0.0
Greedy,111,707.4507298590579,222.28947368421052,19,1.0,11.421052631578947,0,0.0
Greedy,112,604.714052030653,210.77777777777777,18,1.0,10.444444444444445,0,0.0
Greedy,113,467.8719012738716,197.94117647058823,17,1.0,12.117647058823529,0,0.0
Greedy,114,506.0072038973034,186.875,16,1.0,10.25,0,0.0
Greedy,115,577.3269310452121,186.84375,16,1.0,10.3125,0,0.0
Greedy,116,506.3378800984079,210.25,18,1.0,11.5,0,0.0
Greedy,117,757.6228059983962,222.3421052631579,19,1.0,11.31578947368421,0,0.0
Greedy,118,505.66291906001527,171.76315789473685,19,0.95,12.473684210526315,0,0.0
Greedy,119,781.7104468917372,222.3421052631579,19,1.0,11.31578947368421,0,0.0
Greedy,120,656.6146362143768,210.72222222222223,18,1.0,10.555555555555555,0,0.0
Greedy,121,716.3598641526938,160.33333333333334,18,0.9473684210526315,11.333333333333334,0,0.0
Greedy,122,724.9595359288126,222.21052631578948,19,1.0,11.578947368421053,0,0.0
Greedy,123,574.8826127357738,160.63888888888889,18,0.9473684210526315,10.722222222222221,0,0.0
Greedy,124,718.6071804910471,210.5,18,1.0,11.0,0,0.0
Greedy,125,523.52968668555,221.78947368421052,19,1.0,12.421052631578947,0,0.0
Greedy,126,694.2337595823011,222.02631578947367,19,1.0,11.947368421052632,0,0.0
Greedy,127,500.06796615459115,187.03125,16,1.0,9.9375,0,0.0
Greedy,128,667.4724900550106,222.0,19,1.0,12.0,0,0.0
Greedy,129,708.4480209951505,198.94117647058823,17,1.0,10.117647058823529,0,0.0
Greedy,130,638.5072292011331,222.05263157894737,19,1.0,11.894736842105264,0,0.0
Greedy,131,648.4570728053716,221.6578947368421,19,1.0,12.68421052631579,0,0.0
Greedy,132,534.3514043997017,210.27777777777777,18,1.0,11.444444444444445,0,0.0
Greedy,133,674.9844566606588,172.57894736842104,19,0.95,10.842105263157896,0,0.0
Greedy,134,441.29822940702576,209.88888888888889,18,1.0,12.222222222222221,0,0.0
Greedy,135,383.9568315212377,198.58823529411765,17,1.0,10.823529411764707,0,0.0
Greedy,136,587.2094274831778,222.05263157894737,19,1.0,11.894736842105264,0,0.0
Greedy,137,699.4115304415907,221.81578947368422,19,1.0,12.368421052631579,0,0.0
Greedy,138,553.5294302092238,148.58823529411765,17,0.9444444444444444,10.823529411764707,0,0.0
Greedy,139,636.3844251529455,148.8235294117647,17,0.9444444444444444,10.352941176470589,0,0.0
Greedy,140,481.26501798139833,221.71052631578948,19,1.0,12.578947368421053,0,0.0
Greedy,141,956.1428970791495,222.60526315789474,19,1.0,10.789473684210526,0,0.0
Greedy,142,621.6574207659584,222.23684210526315,19,1.0,11.526315789473685,0,0.0
Greedy,143,561.8444714933962,148.94117647058823,17,0.9444444444444444,10.117647058823529,0,0.0
Greedy,144,622.9208102433485,222.0,19,1.0,12.0,0,0.0
Greedy,145,722.0222419224999,172.3684210526316,19,0.95,11.263157894736842,0,0.0
Greedy,146,445.43616762564204,209.69444444444446,18,1.0,12.61111111111111,0,0.0
Greedy,147,867.779624134947,160.11111111111111,18,0.9473684210526315,11.777777777777779,0,0.0
Greedy,148,797.6116689596465,222.42105263157896,19,1.0,11.157894736842104,0,0.0
Greedy,149,608.63562568177,222.23684210526315,19,1.0,11.526315789473685,0,0.0
Greedy,150,470.2238236985182,198.3235294117647,17,1.0,11.352941176470589,0,0.0
Greedy,151,740.8086819296373,221.8421052631579,19,1.0,12.31578947368421,0,0.0
Greedy,152,686.167865972087,222.52631578947367,19,1.0,10.947368421052632,0,0.0
Greedy,153,413.61894375207913,222.02631578947367,19,1.0,11.947368421052632,0,0.0
Greedy,154,747.1815421027757,221.52631578947367,19,1.0,12.947368421052632,0,0.0
Greedy,155,739.2991820662074,222.5,19,1.0,11.0,0,0.0
Greedy,156,892.1352220087168,222.57894736842104,19,1.0,10.842105263157896,0,0.0
Greedy,157,601.4054704244097,210.58333333333334,18,1.0,10.833333333333334,0,0.0
Greedy,158,749.3104502061019,222.07894736842104,19,1.0,11.842105263157896,0,0.0
Greedy,159,507.5862746146626,222.0,19,1.0,12.0,0,0.0
Greedy,160,664.9182359134759,160.63888888888889,18,0.9473684210526315,10.722222222222221,0,0.0
Greedy,161,883.7468409340163,222.1578947368421,19,1.0,11.68421052631579,0,0.0
Greedy,162,644.8440354116909,210.22222222222223,18,1.0,11.555555555555555,0,0.0
Greedy,163,645.8327296337715,222.1578947368421,19,1.0,11.68421052631579,0,0.0
Greedy,164,664.9580663939057,222.3421052631579,19,1.0,11.31578947368421,0,0.0
Greedy,165,332.83920609378805,210.08333333333334,18,1.0,11.833333333333334,0,0.0
Greedy,166,473.3097515628727,159.69444444444446,18,0.9473684210526315,12.61111111111111,0,0.0
Greedy,167,593.8515948292683,222.10526315789474,19,1.0,11.789473684210526,0,0.0
Greedy,168,776.1000389944621,160.80555555555554,18,0.9473684210526315,10.38888888888889,0,0.0
Greedy,169,724.247584379512,222.57894736842104,19,1.0,10.842105263157896,0,0.0
Greedy,170,515.2198635087681,48.26470588235293,17,0.85,11.470588235294118,0,0.0
Greedy,171,525.4693923347292,187.03125,16,1.0,9.9375,0,0.0
Greedy,172,675.7024855240691,210.61111111111111,18,1.0,10.777777777777779,0,0.0
Greedy,173,461.2166795477619,110.27777777777777,18,0.9,11.444444444444445,0,0.0
Greedy,174,681.2408802640622,198.58823529411765,17,1.0,10.823529411764707,0,0.0
Greedy,175,816.5545242254453,210.47222222222223,18,1.0,11.055555555555555,0,0.0
Greedy,176,473.23861976140415,110.41666666666666,18,0.9,11.166666666666666,0,0.0
Greedy,177,511.39127991594853,221.78947368421052,19,1.0,12.421052631578947,0,0.0
Greedy,178,816.3324709132396,222.47368421052633,19,1.0,11.052631578947368,0,0.0
Greedy,179,514.2979564168138,198.8235294117647,17,1.0,10.352941176470589,0,0.0
Greedy,180,685.4996160418408,222.1578947368421,19,1.0,11.68421052631579,0,0.0
Greedy,181,702.6750800156298,222.3684210526316,19,1.0,11.263157894736842,0,0.0
Greedy,182,578.5805362706207,222.31578947368422,19,1.0,11.368421052631579,0,0.0
Greedy,183,602.3589310729451,221.97368421052633,19,1.0,12.052631578947368,0,0.0
Greedy,184,603.5615227440411,210.69444444444446,18,1.0,10.61111111111111,0,0.0
Greedy,185,552.2234227037321,210.38888888888889,18,1.0,11.222222222222221,0,0.0
Greedy,186,721.8706410875493,210.5,18,1.0,11.0,0,0.0
Greedy,187,859.1431551920801,222.21052631578948,19,1.0,11.578947368421053,0,0.0
Greedy,188,381.96971115113854,221.1578947368421,19,1.0,13.68421052631579,0,0.0
Greedy,189,656.0082617055672,222.39473684210526,19,1.0,11.210526315789474,0,0.0
Greedy,190,709.2502226352034,148.64705882352942,17,0.9444444444444444,10.705882352941176,0,0.0
Greedy,191,809.5157380844233,198.85294117647058,17,1.0,10.294117647058824,0,0.0
Greedy,192,650.0142289487148,210.36111111111111,18,1.0,11.277777777777779,0,0.0
Greedy,193,461.2560024169285,110.22222222222223,18,0.9,11.555555555555555,0,0.0
Greedy,194,395.81236830488314,110.0,18,0.9,12.0,0,0.0
Greedy,195,647.4832627716737,210.63888888888889,18,1.0,10.722222222222221,0,0.0
Greedy,196,685.8206610018491,210.16666666666666,18,1.0,11.666666666666666,0,0.0
Greedy,197,512.3578983441821,221.6578947368421,19,1.0,12.68421052631579,0,0.0
Greedy,198,594.0379761584268,210.41666666666666,18,1.0,11.166666666666666,0,0.0
Greedy,199,590.5816239854662,171.8421052631579,19,0.95,12.31578947368421,0,0.0
STF,0,558.9366355135927,160.47222222222223,18,0.9473684210526315,11.055555555555555,0,0.0
STF,1,448.91583432913836,47.79411764705881,17,0.85,12.411764705882353,0,0.0
STF,2,791.8693809944325,198.91176470588235,17,1.0,10.176470588235293,0,0.0
STF,3,369.36829060511945,221.0,19,1.0,14.0,0,0.0
STF,4,356.7974152969003,109.52777777777777,18,0.9,12.944444444444445,0,0.0
STF,5,506.1246437002139,198.8235294117647,17,1.0,10.352941176470589,0,0.0
STF,6,566.3030347976406,210.25,18,1.0,11.5,0,0.0
STF,7,751.1952498032914,210.80555555555554,18,1.0,10.38888888888889,0,0.0
STF,8,870.3172189152376,222.10526315789474,19,1.0,11.789473684210526,0,0.0
STF,9,669.3765633899898,221.52631578947367,19,1.0,12.947368421052632,0,0.0
STF,10,718.601961496784,187.28125,16,1.0,9.4375,0,0.0
STF,11,681.7526614035562,198.6764705882353,17,1.0,10.647058823529411,0,0.0
STF,12,771.8748428403992,222.02631578947367,19,1.0,11.947368421052632,0,0.0
STF,13,624.5427598587275,210.58333333333334,18,1.0,10.833333333333334,0,0.0
STF,14,967.106034849146,222.5,19,1.0,11.0,0,0.0
STF,15,451.1257589422166,198.5,17,1.0,11.0,0,0.0
STF,16,705.2794086043383,210.38888888888889,18,1.0,11.222222222222221,0,0.0
STF,17,441.35341874256886,47.323529411764696,17,0.85,13.352941176470589,0,0.0
STF,18,386.5103820280092,222.07894736842104,19,1.0,11.842105263157896,0,0.0
STF,19,683.9038119813231,222.21052631578948,19,1.0,11.578947368421053,0,0.0
STF,20,707.4476808597656,222.47368421052633,19,1.0,11.052631578947368,0,0.0
STF,21,512.6778555905133,198.73529411764707,17,1.0,10.529411764705882,0,0.0
STF,22,463.40610729755525,222.05263157894737,19,1.0,11.894736842105264,0,0.0
STF,23,543.4171101348293,109.66666666666666,18,0.9,12.666666666666666,0,0.0
STF,24,382.5336769387794,186.65625,16,1.0,10.6875,0,0.0
STF,25,545.7428937060871,160.08333333333334,18,0.9473684210526315,11.833333333333334,0,0.0
STF,26,592.7002578316576,222.05263157894737,19,1.0,11.894736842105264,0,0.0
STF,27,556.9538663932567,121.65789473684211,19,0.9047619047619048,12.68421052631579,0,0.0
STF,28,647.2479049944536,160.41666666666666,18,0.9473684210526315,11.166666666666666,0,0.0
STF,29,629.6432101377267,160.36111111111111,18,0.9473684210526315,11.277777777777779,0,0.0
STF,30,637.9096242773783,187.09375,16,1.0,9.8125,0,0.0
STF,31,489.43870201785836,198.64705882352942,17,1.0,10.705882352941176,0,0.0
STF,32,818.750653993184,175.6,15,1.0,8.8,0,0.0
STF,33,632.3541821687933,199.05882352941177,17,1.0,9.882352941176471,0,0.0
STF,34,535.6071160429209,221.97368421052633,19,1.0,12.052631578947368,0,0.0
STF,35,510.7885181668067,222.18421052631578,19,1.0,11.631578947368421,0,0.0
STF,36,586.9020228637886,221.97368421052633,19,1.0,12.052631578947368,0,0.0
STF,37,543.2957422783836,186.9375,16,1.0,10.125,0,0.0
STF,38,626.9438656442619,171.81578947368422,19,0.95,12.368421052631579,0,0.0
STF,39,464.2131812006552,110.19444444444446,18,0.9,11.61111111111111,0,0.0
STF,40,590.627743936879,160.66666666666666,18,0.9473684210526315,10.666666666666666,0,0.0
STF,41,496.44739603979826,210.27777777777777,18,1.0,11.444444444444445,0,0.0
STF,42,643.8709442036524,121.89473684210526,19,0.9047619047619048,12.210526315789474,0,0.0
STF,43,406.969491751158,221.44736842105263,19,1.0,13.105263157894736,0,0.0
STF,44,534.4481305031776,210.0,18,1.0,12.0,0,0.0
STF,45,655.4476279077896,222.23684210526315,19,1.0,11.526315789473685,0,0.0
STF,46,765.9661261864987,172.3421052631579,19,0.95,11.31578947368421,0,0.0
STF,47,487.6511547101006,198.85294117647058,17,1.0,10.294117647058824,0,0.0
STF,48,511.14595436289727,210.5,18,1.0,11.0,0,0.0
STF,49,388.76901652026623,186.71875,16,1.0,10.5625,0,0.0
STF,50,492.0495185522804,160.11111111111111,18,0.9473684210526315,11.777777777777779,0,0.0
STF,51,884.2438016501061,149.23529411764707,17,0.9444444444444444,9.529411764705882,0,0.0
STF,52,596.4141179508385,187.3125,16,1.0,9.375,0,0.0
STF,53,684.2181060647599,187.28125,16,1.0,9.4375,0,0.0
STF,54,790.8777489931717,211.0,18,1.0,10.0,0,0.0
STF,55,797.9679452578775,222.18421052631578,19,1.0,11.631578947368421,0,0.0
STF,56,645.7157605671944,187.34375,16,1.0,9.3125,0,0.0
STF,57,640.8439788568685,222.1315789473684,19,1.0,11.736842105263158,0,0.0
STF,58,496.2862382071829,198.38235294117646,17,1.0,11.235294117647058,0,0.0
STF,59,447.68202904398794,221.6315789473684,19,1.0,12.736842105263158,0,0.0
STF,60,483.9471884419802,221.8684210526316,19,1.0,12.263157894736842,0,0.0
STF,61,571.4694829819921,210.58333333333334,18,1.0,10.833333333333334,0,0.0
STF,62,544.8828573021837,222.1315789473684,19,1.0,11.736842105263158,0,0.0
STF,63,697.5332739874756,210.22222222222223,18,1.0,11.555555555555555,0,0.0
STF,64,525.9172812095146,210.36111111111111,18,1.0,11.277777777777779,0,0.0
STF,65,463.30591983229203,209.91666666666666,18,1.0,12.166666666666666,0,0.0
STF,66,492.8019691768483,198.73529411764707,17,1.0,10.529411764705882,0,0.0
STF,67,656.981107341493,160.41666666666666,18,0.9473684210526315,11.166666666666666,0,0.0
STF,68,786.7436310508476,172.42105263157896,19,0.95,11.157894736842104,0,0.0
STF,69,482.4302632148245,221.55263157894737,19,1.0,12.894736842105264,0,0.0
STF,70,548.2992999559572,221.57894736842104,19,1.0,12.842105263157896,0,0.0
STF,71,572.0266822931037,222.10526315789474,19,1.0,11.789473684210526,0,0.0
STF,72,563.9236665442933,198.88235294117646,17,1.0,10.235294117647058,0,0.0
STF,73,617.3026424273808,148.61764705882354,17,0.9444444444444444,10.764705882352942,0,0.0
STF,74,432.09539090140186,198.94117647058823,17,1.0,10.117647058823529,0,0.0
STF,75,400.39384188241365,175.03333333333333,15,1.0,9.933333333333334,0,0.0
STF,76,664.7479657096383,221.97368421052633,19,1.0,12.052631578947368,0,0.0
STF,77,543.6316088873906,121.81578947368422,19,0.9047619047619048,12.368421052631579,0,0.0
STF,78,487.79823051685963,198.52941176470588,17,1.0,10.941176470588236,0,0.0
STF,79,624.5899604455149,221.71052631578948,19,1.0,12.578947368421053,0,0.0
STF,80,488.97141223331965,221.47368421052633,19,1.0,13.052631578947368,0,0.0
STF,81,737.1188568004279,210.61111111111111,18,1.0,10.777777777777779,0,0.0
STF,82,596.6186601138385,160.22222222222223,18,0.9473684210526315,11.555555555555555,0,0.0
STF,83,648.7586496697695,221.97368421052633,19,1.0,12.052631578947368,0,0.0
STF,84,452.4502357073812,221.71052631578948,19,1.0,12.578947368421053,0,0.0
STF,85,427.09022510941077,221.97368421052633,19,1.0,12.052631578947368,0,0.0
STF,86,639.4442676252276,171.60526315789474,19,0.95,12.789473684210526,0,0.0
STF,87,650.7943272793672,221.8421052631579,19,1.0,12.31578947368421,0,0.0
STF,88,561.0181895047042,160.05555555555554,18,0.9473684210526315,11.88888888888889,0,0.0
STF,89,444.7944577338807,148.08823529411765,17,0.9444444444444444,11.823529411764707,0,0.0
STF,90,723.2473763546236,222.52631578947367,19,1.0,10.947368421052632,0,0.0
STF,91,787.6745206540234,210.5,18,1.0,11.0,0,0.0
STF,92,646.3085966721778,210.19444444444446,18,1.0,11.61111111111111,0,0.0
STF,93,442.8533391816145,210.41666666666666,18,1.0,11.166666666666666,0,0.0
STF,94,797.4292090823897,187.4375,16,1.0,9.125,0,0.0
STF,95,476.81536352952924,187.34375,16,1.0,9.3125,0,0.0
STF,96,708.2050090337428,222.28947368421052,19,1.0,11.421052631578947,0,0.0
STF,97,383.6913420267317,59.72222222222223,18,0.8571428571428571,12.555555555555555,0,0.0
STF,98,631.2749192277412,198.88235294117646,17,1.0,10.235294117647058,0,0.0
STF,99,660.2335840309678,221.8421052631579,19,1.0,12.31578947368421,0,0.0
STF,100,703.6100398767643,187.3125,16,1.0,9.375,0,0.0
STF,101,555.3577530536446,198.44117647058823,17,1.0,11.117647058823529,0,0.0
STF,102,489.8964659864046,198.61764705882354,17,1.0,10.764705882352942,0,0.0
STF,103,542.070963264339,172.1578947368421,19,0.95,11.68421052631579,0,0.0
STF,104,435.26966864212073,175.03333333333333,15,1.0,9.933333333333334,0,0.0
STF,105,611.0650333822201,159.5,18,0.9473684210526315,13.0,0,0.0
STF,106,755.8857788102449,221.6315789473684,19,1.0,12.736842105263158,0,0.0
STF,107,827.8018112197446,210.44444444444446,18,1.0,11.11111111111111,0,0.0
STF,108,603.669474993049,199.02941176470588,17,1.0,9.941176470588236,0,0.0
STF,109,503.5829132399879,221.21052631578948,19,1.0,13.578947368421053,0,0.0
STF,110,566.7741052942043,186.8125,16,1.0,10.375,0,0.0
STF,111,643.0654294948815,187.03125,16,1.0,9.9375,0,0.0
STF,112,613.0990088428728,222.44736842105263,19,1.0,11.105263157894736,0,0.0
STF,113,387.8330699494539,158.91666666666666,18,0.9473684210526315,14.166666666666666,0,0.0
STF,114,599.1498477264784,210.63888888888889,18,1.0,10.722222222222221,0,0.0
STF,115,660.4889968030224,186.96875,16,1.0,10.0625,0,0.0
STF,116,412.2784808912457,210.05555555555554,18,1.0,11.88888888888889,0,0.0
STF,117,735.6555709289692,210.47222222222223,18,1.0,11.055555555555555,0,0.0
STF,118,589.0997082788623,221.39473684210526,19,1.0,13.210526315789474,0,0.0
STF,119,767.4089906428183,210.80555555555554,18,1.0,10.38888888888889,0,0.0
STF,120,643.8814853430804,198.7058823529412,17,1.0,10.588235294117647,0,0.0
STF,121,724.9523548865563,160.30555555555554,18,0.9473684210526315,11.38888888888889,0,0.0
STF,122,729.4607546649316,187.375,16,1.0,9.25,0,0.0
STF,123,504.8281256378544,137.0625,16,0.9411764705882353,9.875,0,0.0
STF,124,649.2436083973245,175.5,15,1.0,9.0,0,0.0
STF,125,535.9565308369623,220.94736842105263,19,1.0,14.105263157894736,0,0.0
STF,126,639.426982129575,198.61764705882354,17,1.0,10.764705882352942,0,0.0
STF,127,591.3659417348836,210.63888888888889,18,1.0,10.722222222222221,0,0.0
STF,128,528.9972872513765,221.57894736842104,19,1.0,12.842105263157896,0,0.0
STF,129,777.849972483088,199.23529411764707,17,1.0,9.529411764705882,0,0.0
STF,130,548.6297184455019,198.6764705882353,17,1.0,10.647058823529411,0,0.0
STF,131,523.5189211709713,110.02777777777777,18,0.9,11.944444444444445,0,0.0
STF,132,636.4745311155764,222.10526315789474,19,1.0,11.789473684210526,0,0.0
STF,133,674.2925445872487,171.92105263157896,19,0.95,12.157894736842104,0,0.0
STF,134,444.73977475994997,221.6315789473684,19,1.0,12.736842105263158,0,0.0
STF,135,408.0605724184989,171.68421052631578,19,0.95,12.631578947368421,0,0.0
STF,136,478.95406667578055,160.52777777777777,18,0.9473684210526315,10.944444444444445,0,0.0
STF,137,680.4462576560453,222.07894736842104,19,1.0,11.842105263157896,0,0.0
STF,138,577.6140468415036,210.66666666666666,18,1.0,10.666666666666666,0,0.0
STF,139,620.3096490591985,160.66666666666666,18,0.9473684210526315,10.666666666666666,0,0.0
STF,140,425.60355649735993,210.19444444444446,18,1.0,11.61111111111111,0,0.0
STF,141,936.6162871782861,172.44736842105263,19,0.95,11.105263157894736,0,0.0
STF,142,615.3648561074483,222.28947368421052,19,1.0,11.421052631578947,0,0.0
STF,143,614.5892894029396,210.61111111111111,18,1.0,10.777777777777779,0,0.0
STF,144,605.0818324855327,222.0,19,1.0,12.0,0,0.0
STF,145,697.9268468342785,222.05263157894737,19,1.0,11.894736842105264,0,0.0
STF,146,395.4935374468602,163.32142857142858,14,1.0,9.357142857142858,0,0.0
STF,147,747.7067320975501,149.0,17,0.9444444444444444,10.0,0,0.0
STF,148,800.5974832630782,222.47368421052633,19,1.0,11.052631578947368,0,0.0
STF,149,655.5307272788468,210.75,18,1.0,10.5,0,0.0
STF,150,421.38810045951044,175.26666666666668,15,1.0,9.466666666666667,0,0.0
STF,151,722.8122755130835,221.94736842105263,19,1.0,12.105263157894736,0,0.0
STF,152,710.7886985574505,222.1578947368421,19,1.0,11.68421052631579,0,0.0
STF,153,415.48965448585585,222.02631578947367,19,1.0,11.947368421052632,0,0.0
STF,154,783.5525121118549,221.81578947368422,19,1.0,12.368421052631579,0,0.0
STF,155,678.6244306343765,137.3125,16,0.9411764705882353,9.375,0,0.0
STF,156,889.6093818707719,222.68421052631578,19,1.0,10.631578947368421,0,0.0
STF,157,674.2025852124584,222.71052631578948,19,1.0,10.578947368421053,0,0.0
STF,158,663.8382329862785,198.7941176470588,17,1.0,10.411764705882353,0,0.0
STF,159,476.79357754968197,222.07894736842104,19,1.0,11.842105263157896,0,0.0
STF,160,603.9722592555117,210.75,18,1.0,10.5,0,0.0
STF,161,830.8808674049188,210.72222222222223,18,1.0,10.555555555555555,0,0.0
STF,162,656.5944267863019,198.7941176470588,17,1.0,10.411764705882353,0,0.0
STF,163,745.9766631756486,222.52631578947367,19,1.0,10.947368421052632,0,0.0
STF,164,723.4763098031476,199.08823529411765,17,1.0,9.823529411764707,0,0.0
STF,165,292.15605556399777,48.35294117647058,17,0.85,11.294117647058824,0,0.0
STF,166,452.795869082042,221.76315789473685,19,1.0,12.473684210526315,0,0.0
STF,167,598.6812154921805,222.0,19,1.0,12.0,0,0.0
STF,168,863.2492599198495,211.02777777777777,18,1.0,9.944444444444445,0,0.0
STF,169,678.921382088603,199.02941176470588,17,1.0,9.941176470588236,0,0.0
STF,170,488.8746699585369,98.29411764705881,17,0.8947368421052632,11.411764705882353,0,0.0
STF,171,490.9190778395796,210.58333333333334,18,1.0,10.833333333333334,0,0.0
STF,172,635.9270274610949,187.1875,16,1.0,9.625,0,0.0
STF,173,531.36730789221,171.94736842105263,19,0.95,12.105263157894736,0,0.0
STF,174,662.9047378041881,221.97368421052633,19,1.0,12.052631578947368,0,0.0
STF,175,730.1844396306308,222.18421052631578,19,1.0,11.631578947368421,0,0.0
STF,176,481.455044182864,172.10526315789474,19,0.95,11.789473684210526,0,0.0
STF,177,498.4479053327959,186.71875,16,1.0,10.5625,0,0.0
STF,178,728.1614427367215,187.4375,16,1.0,9.125,0,0.0
STF,179,551.8518829283973,198.7941176470588,17,1.0,10.411764705882353,0,0.0
STF,180,658.0366721736929,222.0,19,1.0,12.0,0,0.0
STF,181,629.55827125124,175.43333333333334,15,1.0,9.133333333333333,0,0.0
STF,182,615.0907610145246,210.75,18,1.0,10.5,0,0.0
STF,183,692.137627398429,221.92105263157896,19,1.0,12.157894736842104,0,0.0
STF,184,708.468935205112,222.23684210526315,19,1.0,11.526315789473685,0,0.0
STF,185,528.5816245248501,148.47058823529412,17,0.9444444444444444,11.058823529411764,0,0.0
STF,186,842.9293629461075,210.36111111111111,18,1.0,11.277777777777779,0,0.0
STF,187,880.2980123075383,210.80555555555554,18,1.0,10.38888888888889,0,0.0
STF,188,300.51982281706296,159.80555555555554,18,0.9473684210526315,12.38888888888889,0,0.0
STF,189,735.3481295010654,210.72222222222223,18,1.0,10.555555555555555,0,0.0
STF,190,700.2059504650099,148.3235294117647,17,0.9444444444444444,11.352941176470589,0,0.0
STF,191,725.5233374065236,175.56666666666666,15,1.0,8.866666666666667,0,0.0
STF,192,585.2552734476914,175.4,15,1.0,9.2,0,0.0
STF,193,439.47698807347564,160.61111111111111,18,0.9473684210526315,10.777777777777779,0,0.0
STF,194,405.1227293656981,198.7058823529412,17,1.0,10.588235294117647,0,0.0
STF,195,692.1214361469522,222.21052631578948,19,1.0,11.578947368421053,0,0.0
STF,196,566.7162903058578,210.27777777777777,18,1.0,11.444444444444445,0,0.0
STF,197,473.9575305949781,221.71052631578948,19,1.0,12.578947368421053,0,0.0
STF,198,544.3988851573403,110.22222222222223,18,0.9,11.555555555555555,0,0.0
STF,199,646.5027426265416,171.57894736842104,19,0.95,12.842105263157896,0,0.0
Skill,0,631.7467043021542,160.72222222222223,18,0.9473684210526315,10.555555555555555,0,0.0
Skill,1,673.0215837954925,217.31578947368422,19,1.0,11.368421052631579,1,0.0
Skill,2,706.2436922380848,210.33333333333334,18,1.0,11.333333333333334,0,0.0
Skill,3,261.0233360817253,143.08823529411765,17,1.0,11.823529411764707,11,0.0
Skill,4,311.53169130082136,202.0,19,1.0,12.0,4,0.0
Skill,5,518.8771594806974,110.77777777777777,18,0.9,10.444444444444445,0,0.0
Skill,6,454.69933729705195,195.36111111111111,18,1.0,11.277777777777779,3,0.0
Skill,7,682.2320270458952,172.31578947368422,19,0.95,11.368421052631579,0,0.0
Skill,8,951.0173413043801,222.55263157894737,19,1.0,10.894736842105264,0,0.0
Skill,9,454.1377012436099,100.16666666666666,18,0.9,11.666666666666666,2,0.0
Skill,10,782.6357348806065,222.71052631578948,19,1.0,10.578947368421053,0,0.0
Skill,11,659.342385952664,183.64705882352942,17,1.0,10.705882352941176,3,0.0
Skill,12,700.427295539733,210.66666666666666,18,1.0,10.666666666666666,0,0.0
Skill,13,335.0323264398475,131.47368421052633,19,0.95,13.052631578947368,8,0.0
Skill,14,871.5014750306982,207.1578947368421,19,1.0,11.68421052631579,3,0.0
Skill,15,381.1988094566397,206.97368421052633,19,1.0,12.052631578947368,3,0.0
Skill,16,856.2613633315777,211.02777777777777,18,1.0,9.944444444444445,0,0.0
Skill,17,309.59711509393526,122.3235294117647,17,0.9444444444444444,13.352941176470589,5,0.0
Skill,18,188.41530073005688,141.3125,16,1.0,11.375,9,0.0
Skill,19,391.0133904437397,120.0,18,0.9473684210526315,12.0,8,0.0
Skill,20,519.2784434479253,193.7941176470588,17,1.0,10.411764705882353,1,0.0
Skill,21,486.66601961080613,135.47222222222223,18,0.9473684210526315,11.055555555555555,5,0.0
Skill,22,478.6279068357957,217.26315789473685,19,1.0,11.473684210526315,1,0.0
Skill,23,202.535835327866,78.91666666666666,18,0.9,14.166666666666666,6,0.0
Skill,24,38.60929312837141,122.41176470588235,17,1.0,13.176470588235293,15,0.0
Skill,25,756.1120748595251,205.86111111111111,18,1.0,10.277777777777779,1,0.0
Skill,26,515.6619577593569,222.3684210526316,19,1.0,11.263157894736842,0,0.0
Skill,27,683.0353990905763,222.21052631578948,19,1.0,11.578947368421053,0,0.0
Skill,28,664.4925115196864,210.47222222222223,18,1.0,11.055555555555555,0,0.0
Skill,29,612.94350042225,195.25,18,1.0,11.5,3,0.0
Skill,30,806.2046127356309,222.42105263157896,19,1.0,11.157894736842104,0,0.0
Skill,31,526.570973565281,205.41666666666666,18,1.0,11.166666666666666,1,0.0
Skill,32,954.6417364348765,222.47368421052633,19,1.0,11.052631578947368,0,0.0
Skill,33,572.2604378546927,183.58823529411765,17,1.0,10.823529411764707,3,0.0
Skill,34,621.4759697046385,212.23684210526315,19,1.0,11.526315789473685,2,0.0
Skill,35,402.1011223798763,178.52941176470588,17,1.0,10.941176470588236,4,0.0
Skill,36,75.22168259989745,150.78947368421052,19,1.0,14.421052631578947,14,0.0
Skill,37,529.7704023605238,211.92105263157896,19,1.0,12.157894736842104,2,0.0
Skill,38,468.9029378017373,186.44736842105263,19,1.0,13.105263157894736,7,0.0
Skill,39,438.7816979765652,206.8421052631579,19,1.0,12.31578947368421,3,0.0
Skill,40,684.096206263833,222.47368421052633,19,1.0,11.052631578947368,0,0.0
Skill,41,464.05004426766226,210.52777777777777,18,1.0,10.944444444444445,0,0.0
Skill,42,669.367575886591,195.38888888888889,18,1.0,11.222222222222221,3,0.0
Skill,43,300.34833433673947,211.42105263157896,19,1.0,13.157894736842104,2,0.0
Skill,44,413.3592459890514,134.97222222222223,18,0.9473684210526315,12.055555555555555,5,0.0
Skill,45,700.5451575121263,162.3421052631579,19,0.95,11.31578947368421,2,0.0
Skill,46,781.1444147574931,222.60526315789474,19,1.0,10.789473684210526,0,0.0
Skill,47,373.2266625942875,156.5625,16,1.0,10.875,6,0.0
Skill,48,260.2584682683734,89.86111111111111,18,0.9,12.277777777777779,4,0.0
Skill,49,355.0238207695465,185.22222222222223,18,1.0,11.555555555555555,5,0.0
Skill,50,320.01500084431143,-83.28125,16,0.7619047619047619,10.5625,4,0.0
Skill,51,814.4443008202256,212.55263157894737,19,1.0,10.894736842105264,2,0.0
Skill,52,690.4393906693963,199.02941176470588,17,1.0,9.941176470588236,0,0.0
Skill,53,538.1658008895561,171.6315789473684,19,1.0,12.736842105263158,10,0.0
Skill,54,922.5800907325533,222.6578947368421,19,1.0,10.68421052631579,0,0.0
Skill,55,688.1540840769792,210.86111111111111,18,1.0,10.277777777777779,0,0.0
Skill,56,535.551189257415,55.23333333333332,15,0.8823529411764706,9.533333333333333,4,0.0
Skill,57,287.00489194897756,131.3125,16,1.0,11.375,11,0.0
Skill,58,346.8000559879322,191.78947368421052,19,1.0,12.421052631578947,6,0.0
Skill,59,516.8565110837924,217.47368421052633,19,1.0,11.052631578947368,1,0.0
Skill,60,310.79209700232417,176.73684210526315,19,1.0,12.526315789473685,9,0.0
Skill,61,361.0310999976937,113.26470588235293,17,0.9444444444444444,11.470588235294118,7,0.0
Skill,62,542.3360486459281,205.75,18,1.0,10.5,1,0.0
Skill,63,542.9449196922181,177.0625,16,1.0,9.875,2,0.0
Skill,64,703.0647671746708,222.47368421052633,19,1.0,11.052631578947368,0,0.0
Skill,65,370.4706984735391,168.3235294117647,17,1.0,11.352941176470589,6,0.0
Skill,66,229.03026133020884,132.7941176470588,17,1.0,12.411764705882353,13,0.0
Skill,67,748.9230992159708,222.57894736842104,19,1.0,10.842105263157896,0,0.0
Skill,68,929.869875730552,222.55263157894737,19,1.0,10.894736842105264,0,0.0
Skill,69,315.96836224284004,171.6315789473684,19,1.0,12.736842105263158,10,0.0
Skill,70,601.0021487209973,222.42105263157896,19,1.0,11.157894736842104,0,0.0
Skill,71,279.00428304396166,176.05263157894737,19,1.0,13.894736842105264,9,0.0
Skill,72,608.5987564414824,222.42105263157896,19,1.0,11.157894736842104,0,0.0
Skill,73,717.5294004077119,222.39473684210526,19,1.0,11.210526315789474,0,0.0
Skill,74,335.57548257743036,98.46428571428572,14,0.9333333333333333,9.071428571428571,3,0.0
Skill,75,462.25971597184247,195.36111111111111,18,1.0,11.277777777777779,3,0.0
Skill,76,554.9625140029563,178.58823529411765,17,1.0,10.823529411764707,4,0.0
Skill,77,731.0500051037858,222.6578947368421,19,1.0,10.68421052631579,0,0.0
Skill,78,442.04037696252277,192.07894736842104,19,1.0,11.842105263157896,6,0.0
Skill,79,450.07172594233197,181.55263157894737,19,1.0,12.894736842105264,8,0.0
Skill,80,528.3410115381137,206.39473684210526,19,1.0,13.210526315789474,3,0.0
Skill,81,528.8357889347144,200.30555555555554,18,1.0,11.38888888888889,2,0.0
Skill,82,452.2347338512639,159.91666666666666,18,0.9473684210526315,12.166666666666666,0,0.0
Skill,83,238.1041632619621,44.25,18,0.9,13.5,13,0.0
Skill,84,386.2797457731617,217.21052631578948,19,1.0,11.578947368421053,1,0.0
Skill,85,206.472960162415,84.22222222222223,18,0.9,13.555555555555555,5,0.0
Skill,86,421.9104827565976,164.91666666666666,18,1.0,12.166666666666666,9,0.0
Skill,87,450.28702281733035,118.41176470588235,17,0.9444444444444444,11.176470588235293,6,0.0
Skill,88,484.0717870444271,196.28947368421052,19,1.0,13.421052631578947,5,0.0
Skill,89,432.3271274377896,123.55882352941177,17,0.9444444444444444,10.882352941176471,5,0.0
Skill,90,669.6307461414661,212.42105263157896,19,1.0,11.157894736842104,2,0.0
Skill,91,711.3526972918017,212.05263157894737,19,1.0,11.894736842105264,2,0.0
Skill,92,540.1645306690377,198.6764705882353,17,1.0,10.647058823529411,0,0.0
Skill,93,333.8486855219108,155.05555555555554,18,0.9473684210526315,11.88888888888889,1,0.0
Skill,94,961.1819217602545,222.6315789473684,19,1.0,10.736842105263158,0,0.0
Skill,95,164.92242796989788,114.5,15,1.0,11.0,12,0.0
Skill,96,808.9473797606643,210.88888888888889,18,1.0,10.222222222222221,0,0.0
Skill,97,404.5986104577747,201.5,19,1.0,13.0,4,0.0
Skill,98,408.5536726018682,124.77777777777777,18,0.9473684210526315,12.444444444444445,7,0.0
Skill,99,725.7707553054224,217.18421052631578,19,1.0,11.631578947368421,1,0.0
Skill,100,612.8760116648083,200.41666666666666,18,1.0,11.166666666666666,2,0.0
Skill,101,204.8998309252562,156.02631578947367,19,1.0,13.947368421052632,13,0.0
Skill,102,529.5370334633537,188.91176470588235,17,1.0,10.176470588235293,2,0.0
Skill,103,185.56639403768048,121.57894736842104,19,0.95,12.842105263157896,10,0.0
Skill,104,229.13094633347308,132.94117647058823,17,1.0,12.117647058823529,13,0.0
Skill,105,201.74816930507035,-2.911764705882348,17,0.85,13.823529411764707,10,0.0
Skill,106,798.9610759431374,222.3421052631579,19,1.0,11.31578947368421,0,0.0
Skill,107,696.8554442189848,135.0,18,0.9473684210526315,12.0,5,0.0
Skill,108,345.7809134547766,171.52631578947367,19,1.0,12.947368421052632,10,0.0
Skill,109,127.50315367018673,93.44444444444446,18,0.9473684210526315,15.11111111111111,13,0.0
Skill,110,698.8940797974792,210.55555555555554,18,1.0,10.88888888888889,0,0.0
Skill,111,594.0472163610053,217.39473684210526,19,1.0,11.210526315789474,1,0.0
Skill,112,546.0764330947803,200.58333333333334,18,1.0,10.833333333333334,2,0.0
Skill,113,280.6536395766034,157.2058823529412,17,1.0,13.588235294117647,8,0.0
Skill,114,642.2721454523455,202.18421052631578,19,1.0,11.631578947368421,4,0.0
Skill,115,560.573013545019,193.6764705882353,17,1.0,10.647058823529411,1,0.0
Skill,116,271.42852682158775,102.94117647058823,17,0.9444444444444444,12.117647058823529,9,0.0
Skill,117,732.0101501003038,210.91666666666666,18,1.0,10.166666666666666,0,0.0
Skill,118,449.7786861889912,201.78947368421052,19,1.0,12.421052631578947,4,0.0
Skill,119,701.4256210356783,222.3684210526316,19,1.0,11.263157894736842,0,0.0
Skill,120,797.3488103883863,207.44736842105263,19,1.0,11.105263157894736,3,0.0
Skill,121,650.3687848325227,222.02631578947367,19,1.0,11.947368421052632,0,0.0
Skill,122,901.6487292232139,222.76315789473685,19,1.0,10.473684210526315,0,0.0
Skill,123,210.8405803190925,121.21875,16,1.0,11.5625,13,0.0
Skill,124,764.4563079203016,144.02941176470588,17,0.9444444444444444,9.941176470588236,1,0.0
Skill,125,375.64652929302633,144.63888888888889,18,0.9473684210526315,12.722222222222221,3,0.0
Skill,126,638.4328984025507,210.5,18,1.0,11.0,0,0.0
Skill,127,343.19183870992185,206.71052631578948,19,1.0,12.578947368421053,3,0.0
Skill,128,443.017923894719,104.88888888888889,18,0.9,12.222222222222221,1,0.0
Skill,129,847.1552044347723,160.86111111111111,18,0.9473684210526315,10.277777777777779,0,0.0
Skill,130,528.3426274296974,188.88235294117646,17,1.0,10.235294117647058,2,0.0
Skill,131,697.1347497536524,222.07894736842104,19,1.0,11.842105263157896,0,0.0
Skill,132,575.3062044408895,187.15625,16,1.0,9.6875,0,0.0
Skill,133,558.6749172766606,171.73684210526315,19,0.95,12.526315789473685,0,0.0
Skill,134,432.5427613334142,211.8684210526316,19,1.0,12.263157894736842,2,0.0
Skill,135,430.1511689055193,196.76315789473685,19,1.0,12.473684210526315,5,0.0
Skill,136,178.18285903762387,114.5,18,0.9473684210526315,13.0,9,0.0
Skill,137,442.71722035174696,196.18421052631578,19,1.0,13.631578947368421,5,0.0
Skill,138,584.0513689889841,222.28947368421052,19,1.0,11.421052631578947,0,0.0
Skill,139,597.4149745997303,149.02941176470588,17,0.9444444444444444,9.941176470588236,0,0.0
Skill,140,353.0751705208003,196.78947368421052,19,1.0,12.421052631578947,5,0.0
Skill,141,873.2582725012808,155.69444444444446,18,0.9473684210526315,10.61111111111111,1,0.0
Skill,142,457.8361152573338,200.5,18,1.0,11.0,2,0.0
Skill,143,535.7794233086273,202.0,19,1.0,12.0,4,0.0
Skill,144,445.1416502874195,206.44736842105263,19,1.0,13.105263157894736,3,0.0
Skill,145,468.8670876077774,191.57894736842104,19,1.0,12.842105263157896,6,0.0
Skill,146,95.84356130736626,97.42857142857142,14,1.0,11.142857142857142,13,0.0
Skill,147,506.32758204697234,155.11111111111111,18,0.9473684210526315,11.777777777777779,1,0.0
Skill,148,821.0510365881358,149.11764705882354,17,0.9444444444444444,9.764705882352942,0,0.0
Skill,149,752.4096809504267,222.6315789473684,19,1.0,10.736842105263158,0,0.0
Skill,150,543.5752969183537,155.33333333333334,18,0.9473684210526315,11.333333333333334,1,0.0
Skill,151,604.4335677678218,137.0625,16,0.9411764705882353,9.875,0,0.0
Skill,152,572.9249544563626,212.1315789473684,19,1.0,11.736842105263158,2,0.0
Skill,153,252.44545587422968,129.97222222222223,18,0.9473684210526315,12.055555555555555,6,0.0
Skill,154,819.2711756830886,183.88235294117646,17,1.0,10.235294117647058,3,0.0
Skill,155,734.683189477757,222.44736842105263,19,1.0,11.105263157894736,0,0.0
Skill,156,896.588485591212,222.71052631578948,19,1.0,10.578947368421053,0,0.0
Skill,157,690.887204788497,210.94444444444446,18,1.0,10.11111111111111,0,0.0
Skill,158,510.962416692346,105.03333333333333,15,0.9375,9.933333333333334,4,0.0
Skill,159,331.1964604594101,121.84375,16,0.9411764705882353,10.3125,3,0.0
Skill,160,460.8375264229545,202.10526315789474,19,1.0,11.789473684210526,4,0.0
Skill,161,454.9656982350643,181.71052631578948,19,1.0,12.578947368421053,8,0.0
Skill,162,626.4732452133926,205.55555555555554,18,1.0,10.88888888888889,1,0.0
Skill,163,627.7473230211064,205.52777777777777,18,1.0,10.944444444444445,1,0.0
Skill,164,710.9038478015524,210.41666666666666,18,1.0,11.166666666666666,0,0.0
Skill,165,127.5704166012628,69.0,18,0.9,14.0,8,0.0
Skill,166,309.7257032902459,174.86111111111111,18,1.0,12.277777777777779,7,0.0
Skill,167,289.8115053804581,129.69444444444446,18,0.9473684210526315,12.61111111111111,6,0.0
Skill,168,614.0131383971163,172.28947368421052,19,0.95,11.421052631578947,0,0.0
Skill,169,618.4878863035259,210.75,18,1.0,10.5,0,0.0
Skill,170,517.0459522732176,95.19444444444446,18,0.9,11.61111111111111,3,0.0
Skill,171,436.18336741938674,210.5,18,1.0,11.0,0,0.0
Skill,172,573.6818353277558,193.7941176470588,17,1.0,10.411764705882353,1,0.0
Skill,173,437.2591578637193,209.94444444444446,18,1.0,12.11111111111111,0,0.0
Skill,174,756.8243617222727,222.18421052631578,19,1.0,11.631578947368421,0,0.0
Skill,175,887.7530923086794,222.57894736842104,19,1.0,10.842105263157896,0,0.0
Skill,176,91.68634100326538,49.58333333333334,18,0.9,12.833333333333334,12,0.0
Skill,177,656.2916555422789,188.88235294117646,17,1.0,10.235294117647058,2,0.0
Skill,178,910.8678414590586,222.81578947368422,19,1.0,10.368421052631579,0,0.0
Skill,179,659.3582002742785,222.60526315789474,19,1.0,10.789473684210526,0,0.0
Skill,180,686.6412086564595,210.72222222222223,18,1.0,10.555555555555555,0,0.0
Skill,181,679.5853367893764,198.97058823529412,17,1.0,10.058823529411764,0,0.0
Skill,182,563.3648763476626,167.03125,16,1.0,9.9375,4,0.0
Skill,183,634.0100282940925,105.52777777777777,18,0.9,10.944444444444445,1,0.0
Skill,184,613.7386668765255,187.21875,16,1.0,9.5625,0,0.0
Skill,185,604.1708837901826,217.3684210526316,19,1.0,11.263157894736842,1,0.0
Skill,186,824.7299680401358,132.15625,16,0.9411764705882353,9.6875,1,0.0
Skill,187,795.4617834282132,160.94444444444446,18,0.9473684210526315,10.11111111111111,0,0.0
Skill,188,-34.08779797287494,150.1315789473684,19,1.0,15.736842105263158,14,0.0
Skill,189,776.9875105474474,210.88888888888889,18,1.0,10.222222222222221,0,0.0
Skill,190,568.1838264738677,217.1315789473684,19,1.0,11.736842105263158,1,0.0
Skill,191,951.4446271051812,222.44736842105263,19,1.0,11.105263157894736,0,0.0
Skill,192,574.0977618401512,212.21052631578948,19,1.0,11.578947368421053,2,0.0
Skill,193,364.36138553195553,128.6764705882353,17,0.9444444444444444,10.647058823529411,4,0.0
Skill,194,520.265749584539,222.44736842105263,19,1.0,11.105263157894736,0,0.0
Skill,195,518.1387087642325,196.92105263157896,19,1.0,12.157894736842104,5,0.0
Skill,196,346.8036115599993,149.5,18,1.0,13.0,12,0.0
Skill,197,265.6007913152765,59.66666666666666,18,0.9,12.666666666666666,10,0.0
Skill,198,511.55654232341715,94.94444444444446,18,0.9,12.11111111111111,3,0.0
Skill,199,666.9894978392696,167.3421052631579,19,0.95,11.31578947368421,1,0.0
Hybrid,0,571.4455813306748,222.5,19,1.0,11.0,0,0.0
Hybrid,1,620.4405666257296,148.73529411764707,17,0.9444444444444444,10.529411764705882,0,0.0
Hybrid,2,741.9719450005757,210.36111111111111,18,1.0,11.277777777777779,0,0.0
Hybrid,3,395.48402081079615,221.52631578947367,19,1.0,12.947368421052632,0,0.0
Hybrid,4,317.24960839829913,159.86111111111111,18,0.9473684210526315,12.277777777777779,0,0.0
Hybrid,5,535.5834405355029,110.72222222222223,18,0.9,10.555555555555555,0,0.0
Hybrid,6,471.68805740438887,159.97222222222223,18,0.9473684210526315,12.055555555555555,0,0.0
Hybrid,7,809.2938337115309,222.26315789473685,19,1.0,11.473684210526315,0,0.0
Hybrid,8,902.4551892778234,222.1315789473684,19,1.0,11.736842105263158,0,0.0
Hybrid,9,599.1749367591598,171.6578947368421,19,0.95,12.68421052631579,0,0.0
Hybrid,10,758.3377809549007,210.72222222222223,18,1.0,10.555555555555555,0,0.0
Hybrid,11,723.1752988707294,222.21052631578948,19,1.0,11.578947368421053,0,0.0
Hybrid,12,681.6457544314552,222.21052631578948,19,1.0,11.578947368421053,0,0.0
Hybrid,13,532.9001961891811,221.76315789473685,19,1.0,12.473684210526315,0,0.0
Hybrid,14,912.2594124987186,210.72222222222223,18,1.0,10.555555555555555,0,0.0
Hybrid,15,534.6643172474176,222.07894736842104,19,1.0,11.842105263157896,0,0.0
Hybrid,16,811.4490791938182,199.1764705882353,17,1.0,9.647058823529411,0,0.0
Hybrid,17,637.6155019469744,210.22222222222223,18,1.0,11.555555555555555,0,0.0
Hybrid,18,414.6041401652109,210.44444444444446,18,1.0,11.11111111111111,0,0.0
Hybrid,19,610.3291336506462,221.94736842105263,19,1.0,12.105263157894736,0,0.0
Hybrid,20,692.8190408014384,222.39473684210526,19,1.0,11.210526315789474,0,0.0
Hybrid,21,520.7367083696229,222.23684210526315,19,1.0,11.526315789473685,0,0.0
Hybrid,22,536.9576537374925,187.0,16,1.0,10.0,0,0.0
Hybrid,23,404.91740532237463,109.38888888888889,18,0.9,13.222222222222221,0,0.0
Hybrid,24,353.4325491980811,197.8235294117647,17,1.0,12.352941176470589,0,0.0
Hybrid,25,715.7008562419496,149.02941176470588,17,0.9444444444444444,9.941176470588236,0,0.0
Hybrid,26,577.3650503557487,222.28947368421052,19,1.0,11.421052631578947,0,0.0
Hybrid,27,655.382648488014,221.97368421052633,19,1.0,12.052631578947368,0,0.0
Hybrid,28,607.1969313931037,210.11111111111111,18,1.0,11.777777777777779,0,0.0
Hybrid,29,789.0803228469098,222.02631578947367,19,1.0,11.947368421052632,0,0.0
Hybrid,30,734.1402368525358,210.80555555555554,18,1.0,10.38888888888889,0,0.0
Hybrid,31,555.6788915512877,160.47222222222223,18,0.9473684210526315,11.055555555555555,0,0.0
Hybrid,32,959.4928754966469,222.55263157894737,19,1.0,10.894736842105264,0,0.0
Hybrid,33,697.4309448081805,222.23684210526315,19,1.0,11.526315789473685,0,0.0
Hybrid,34,596.7507328406668,222.02631578947367,19,1.0,11.947368421052632,0,0.0
Hybrid,35,465.52134355755487,221.92105263157896,19,1.0,12.157894736842104,0,0.0
Hybrid,36,462.5306917821238,109.72222222222223,18,0.9,12.555555555555555,0,0.0
Hybrid,37,628.2853444399643,221.89473684210526,19,1.0,12.210526315789474,0,0.0
Hybrid,38,568.1284042885386,221.55263157894737,19,1.0,12.894736842105264,0,0.0
Hybrid,39,555.2591935467158,171.92105263157896,19,0.95,12.157894736842104,0,0.0
Hybrid,40,651.1768197941245,160.66666666666666,18,0.9473684210526315,10.666666666666666,0,0.0
Hybrid,41,515.8498244885374,221.8421052631579,19,1.0,12.31578947368421,0,0.0
Hybrid,42,735.3623109429768,210.47222222222223,18,1.0,11.055555555555555,0,0.0
Hybrid,43,340.99711133191624,170.92105263157896,19,0.95,14.157894736842104,0,0.0
Hybrid,44,498.4767981625044,209.16666666666666,18,1.0,13.666666666666666,0,0.0
Hybrid,45,585.018047736032,172.07894736842104,19,0.95,11.842105263157896,0,0.0
Hybrid,46,718.8364947647076,160.47222222222223,18,0.9473684210526315,11.055555555555555,0,0.0
Hybrid,47,504.5305819911964,210.52777777777777,18,1.0,10.944444444444445,0,0.0
Hybrid,48,432.33964077260833,221.92105263157896,19,1.0,12.157894736842104,0,0.0
Hybrid,49,436.51993537331344,198.44117647058823,17,1.0,11.117647058823529,0,0.0
Hybrid,50,370.22306693533085,186.53125,16,1.0,10.9375,0,0.0
Hybrid,51,918.2991348227035,210.86111111111111,18,1.0,10.277777777777779,0,0.0
Hybrid,52,697.0838010600444,222.3421052631579,19,1.0,11.31578947368421,0,0.0
Hybrid,53,417.0705549239761,-137.0,14,0.7,10.0,0,0.0
Hybrid,54,906.3629152928467,222.6578947368421,19,1.0,10.68421052631579,0,0.0
Hybrid,55,799.6893560327892,210.80555555555554,18,1.0,10.38888888888889,0,0.0
Hybrid,56,605.9545525776647,160.61111111111111,18,0.9473684210526315,10.777777777777779,0,0.0
Hybrid,57,553.0263253107372,210.36111111111111,18,1.0,11.277777777777779,0,0.0
Hybrid,58,429.6982274105344,221.71052631578948,19,1.0,12.578947368421053,0,0.0
Hybrid,59,478.31829288420784,221.73684210526315,19,1.0,12.526315789473685,0,0.0
Hybrid,60,416.7595846797621,198.55882352941177,17,1.0,10.882352941176471,0,0.0
Hybrid,61,529.063991339557,221.73684210526315,19,1.0,12.526315789473685,0,0.0
Hybrid,62,560.5872639645859,198.88235294117646,17,1.0,10.235294117647058,0,0.0
Hybrid,63,665.5161392202239,198.64705882352942,17,1.0,10.705882352941176,0,0.0
Hybrid,64,698.5411470087122,222.55263157894737,19,1.0,10.894736842105264,0,0.0
Hybrid,65,481.89652795856057,221.81578947368422,19,1.0,12.368421052631579,0,0.0
Hybrid,66,604.9951746618815,210.44444444444446,18,1.0,11.11111111111111,0,0.0
Hybrid,67,710.3868943532417,222.31578947368422,19,1.0,11.368421052631579,0,0.0
Hybrid,68,849.7042008901714,222.3684210526316,19,1.0,11.263157894736842,0,0.0
Hybrid,69,517.8775328545452,221.8684210526316,19,1.0,12.263157894736842,0,0.0
Hybrid,70,668.7435960785663,222.21052631578948,19,1.0,11.578947368421053,0,0.0
Hybrid,71,420.3041620652302,170.68421052631578,19,0.95,14.631578947368421,0,0.0
Hybrid,72,573.3022097865534,222.3421052631579,19,1.0,11.31578947368421,0,0.0
Hybrid,73,722.0998968133239,222.3684210526316,19,1.0,11.263157894736842,0,0.0
Hybrid,74,462.2464090703148,222.1578947368421,19,1.0,11.68421052631579,0,0.0
Hybrid,75,404.54772602116054,159.83333333333334,18,0.9473684210526315,12.333333333333334,0,0.0
Hybrid,76,622.376614922105,198.64705882352942,17,1.0,10.705882352941176,0,0.0
Hybrid,77,630.2689248356224,222.1578947368421,19,1.0,11.68421052631579,0,0.0
Hybrid,78,437.8982531083898,209.97222222222223,18,1.0,12.055555555555555,0,0.0
Hybrid,79,466.99847570744384,121.42105263157896,19,0.9047619047619048,13.157894736842104,0,0.0
Hybrid,80,526.1986612759794,221.47368421052633,19,1.0,13.052631578947368,0,0.0
Hybrid,81,523.4687155587717,221.76315789473685,19,1.0,12.473684210526315,0,0.0
Hybrid,82,536.8631222241588,160.16666666666666,18,0.9473684210526315,11.666666666666666,0,0.0
Hybrid,83,719.2899406623193,222.05263157894737,19,1.0,11.894736842105264,0,0.0
Hybrid,84,522.0131905044947,222.23684210526315,19,1.0,11.526315789473685,0,0.0
Hybrid,85,291.40408621159133,109.83333333333334,18,0.9,12.333333333333334,0,0.0
Hybrid,86,463.4596326708554,174.76666666666668,15,1.0,10.466666666666667,0,0.0
Hybrid,87,511.7689291384847,209.94444444444446,18,1.0,12.11111111111111,0,0.0
Hybrid,88,760.6167310228918,221.94736842105263,19,1.0,12.105263157894736,0,0.0
Hybrid,89,450.6906852531109,186.5,16,1.0,11.0,0,0.0
Hybrid,90,699.282000026557,222.3421052631579,19,1.0,11.31578947368421,0,0.0
Hybrid,91,985.6049275918523,222.3421052631579,19,1.0,11.31578947368421,0,0.0
Hybrid,92,522.4144993640581,209.86111111111111,18,1.0,12.277777777777779,0,0.0
Hybrid,93,339.66275390157233,160.16666666666666,18,0.9473684210526315,11.666666666666666,0,0.0
Hybrid,94,815.6208333425622,222.55263157894737,19,1.0,10.894736842105264,0,0.0
Hybrid,95,448.2987951378943,198.85294117647058,17,1.0,10.294117647058824,0,0.0
Hybrid,96,805.3903817461957,210.75,18,1.0,10.5,0,0.0
Hybrid,97,461.10923613019105,220.78947368421052,19,1.0,14.421052631578947,0,0.0
Hybrid,98,671.893202959973,210.36111111111111,18,1.0,11.277777777777779,0,0.0
Hybrid,99,745.6230343870249,160.41666666666666,18,0.9473684210526315,11.166666666666666,0,0.0
Hybrid,100,547.4137968228567,186.78125,16,1.0,10.4375,0,0.0
Hybrid,101,392.2662660781232,209.33333333333334,18,1.0,13.333333333333334,0,0.0
Hybrid,102,635.3316651505888,222.23684210526315,19,1.0,11.526315789473685,0,0.0
Hybrid,103,637.7698441944984,210.41666666666666,18,1.0,11.166666666666666,0,0.0
Hybrid,104,442.26316409678094,198.47058823529412,17,1.0,11.058823529411764,0,0.0
Hybrid,105,702.8129316608674,221.78947368421052,19,1.0,12.421052631578947,0,0.0
Hybrid,106,799.0745888418437,222.26315789473685,19,1.0,11.473684210526315,0,0.0
Hybrid,107,951.5858417380233,222.18421052631578,19,1.0,11.631578947368421,0,0.0
Hybrid,108,573.9853304089127,210.25,18,1.0,11.5,0,0.0
Hybrid,109,413.41224398206634,159.41666666666666,18,0.9473684210526315,13.166666666666666,0,0.0
Hybrid,110,678.9678028102858,210.5,18,1.0,11.0,0,0.0
Hybrid,111,710.8807954045593,222.31578947368422,19,1.0,11.368421052631579,0,0.0
Hybrid,112,629.0524140389659,160.69444444444446,18,0.9473684210526315,10.61111111111111,0,0.0
Hybrid,113,360.0593781079987,119.81578947368422,19,0.9047619047619048,16.36842105263158,0,0.0
Hybrid,114,602.0635215008022,210.27777777777777,18,1.0,11.444444444444445,0,0.0
Hybrid,115,774.564221373645,210.63888888888889,18,1.0,10.722222222222221,0,0.0
Hybrid,116,503.9092553764606,160.30555555555554,18,0.9473684210526315,11.38888888888889,0,0.0
Hybrid,117,649.0195511372513,210.52777777777777,18,1.0,10.944444444444445,0,0.0
Hybrid,118,533.3204269953466,171.55263157894737,19,0.95,12.894736842105264,0,0.0
Hybrid,119,767.4741738042629,222.47368421052633,19,1.0,11.052631578947368,0,0.0
Hybrid,120,789.6628962768127,222.3684210526316,19,1.0,11.263157894736842,0,0.0
Hybrid,121,820.5087838057744,222.3421052631579,19,1.0,11.31578947368421,0,0.0
Hybrid,122,662.5089368390186,148.76470588235293,17,0.9444444444444444,10.470588235294118,0,0.0
Hybrid,123,460.26459617706405,198.35294117647058,17,1.0,11.294117647058824,0,0.0
Hybrid,124,796.8424686458068,210.61111111111111,18,1.0,10.777777777777779,0,0.0
Hybrid,125,627.4995883931376,171.55263157894737,19,0.95,12.894736842105264,0,0.0
Hybrid,126,706.1577805960427,198.7058823529412,17,1.0,10.588235294117647,0,0.0
Hybrid,127,523.6419854194634,222.1578947368421,19,1.0,11.68421052631579,0,0.0
Hybrid,128,603.7149975529621,221.60526315789474,19,1.0,12.789473684210526,0,0.0
Hybrid,129,661.8441497594907,222.23684210526315,19,1.0,11.526315789473685,0,0.0
Hybrid,130,570.7242069307225,160.61111111111111,18,0.9473684210526315,10.777777777777779,0,0.0
Hybrid,131,716.8637510992157,221.92105263157896,19,1.0,12.157894736842104,0,0.0
Hybrid,132,569.1803028695233,198.76470588235293,17,1.0,10.470588235294118,0,0.0
Hybrid,133,749.8573675905304,222.0,19,1.0,12.0,0,0.0
Hybrid,134,401.74346771606076,209.58333333333334,18,1.0,12.833333333333334,0,0.0
Hybrid,135,316.13202883972764,159.97222222222223,18,0.9473684210526315,12.055555555555555,0,0.0
Hybrid,136,415.78102556798814,159.66666666666666,18,0.9473684210526315,12.666666666666666,0,0.0
Hybrid,137,544.931382231526,221.71052631578948,19,1.0,12.578947368421053,0,0.0
Hybrid,138,608.5937794661284,210.38888888888889,18,1.0,11.222222222222221,0,0.0
Hybrid,139,523.0907746078854,110.27777777777777,18,0.9,11.444444444444445,0,0.0
Hybrid,140,495.07994045932963,210.22222222222223,18,1.0,11.555555555555555,0,0.0
Hybrid,141,766.7644021678489,148.85294117647058,17,0.9444444444444444,10.294117647058824,0,0.0
Hybrid,142,579.724749406976,222.02631578947367,19,1.0,11.947368421052632,0,0.0
Hybrid,143,578.0515363145926,222.0,19,1.0,12.0,0,0.0
Hybrid,144,631.7962764424343,222.10526315789474,19,1.0,11.789473684210526,0,0.0
Hybrid,145,787.9788121757618,172.07894736842104,19,0.95,11.842105263157896,0,0.0
Hybrid,146,548.5266923539899,198.5,17,1.0,11.0,0,0.0
Hybrid,147,659.04747917245,160.44444444444446,18,0.9473684210526315,11.11111111111111,0,0.0
Hybrid,148,697.2057607781545,198.7941176470588,17,1.0,10.411764705882353,0,0.0
Hybrid,149,606.7219439443604,210.77777777777777,18,1.0,10.444444444444445,0,0.0
Hybrid,150,387.15373252311724,148.1764705882353,17,0.9444444444444444,11.647058823529411,0,0.0
Hybrid,151,740.65471636595,148.8235294117647,17,0.9444444444444444,10.352941176470589,0,0.0
Hybrid,152,649.2618944798846,160.72222222222223,18,0.9473684210526315,10.555555555555555,0,0.0
Hybrid,153,512.7421534120421,222.28947368421052,19,1.0,11.421052631578947,0,0.0
Hybrid,154,631.5172908794995,221.81578947368422,19,1.0,12.368421052631579,0,0.0
Hybrid,155,635.2354520785868,137.125,16,0.9411764705882353,9.75,0,0.0
Hybrid,156,765.6372898851179,222.68421052631578,19,1.0,10.631578947368421,0,0.0
Hybrid,157,593.0711091523398,210.77777777777777,18,1.0,10.444444444444445,0,0.0
Hybrid,158,778.8764546985042,210.58333333333334,18,1.0,10.833333333333334,0,0.0
Hybrid,159,508.12407528526046,210.66666666666666,18,1.0,10.666666666666666,0,0.0
Hybrid,160,751.8340180074374,210.75,18,1.0,10.5,0,0.0
Hybrid,161,942.8330401800926,222.52631578947367,19,1.0,10.947368421052632,0,0.0
Hybrid,162,713.7013908485768,222.21052631578948,19,1.0,11.578947368421053,0,0.0
Hybrid,163,835.1050760847955,199.05882352941177,17,1.0,9.882352941176471,0,0.0
Hybrid,164,631.6583890475184,160.36111111111111,18,0.9473684210526315,11.277777777777779,0,0.0
Hybrid,165,362.2401236573108,210.02777777777777,18,1.0,11.944444444444445,0,0.0
Hybrid,166,516.7217444658081,221.6315789473684,19,1.0,12.736842105263158,0,0.0
Hybrid,167,450.3816962012304,171.6315789473684,19,0.95,12.736842105263158,0,0.0
Hybrid,168,874.342339793061,222.57894736842104,19,1.0,10.842105263157896,0,0.0
Hybrid,169,559.3812725240979,210.52777777777777,18,1.0,10.944444444444445,0,0.0
Hybrid,170,777.6330483113983,198.7058823529412,17,1.0,10.588235294117647,0,0.0
Hybrid,171,768.8932757709566,210.94444444444446,18,1.0,10.11111111111111,0,0.0
Hybrid,172,566.3244709741692,186.84375,16,1.0,10.3125,0,0.0
Hybrid,173,470.66861876263175,209.94444444444446,18,1.0,12.11111111111111,0,0.0
Hybrid,174,610.0061729239903,221.89473684210526,19,1.0,12.210526315789474,0,0.0
Hybrid,175,891.6558216165764,222.52631578947367,19,1.0,10.947368421052632,0,0.0
Hybrid,176,415.9896736047586,48.382352941176464,17,0.85,11.235294117647058,0,0.0
Hybrid,177,716.3648042229547,210.58333333333334,18,1.0,10.833333333333334,0,0.0
Hybrid,178,838.1469400540121,211.0,18,1.0,10.0,0,0.0
Hybrid,179,604.1760466293154,210.72222222222223,18,1.0,10.555555555555555,0,0.0
Hybrid,180,548.8937810573043,221.8421052631579,19,1.0,12.31578947368421,0,0.0
Hybrid,181,568.0429602919763,221.73684210526315,19,1.0,12.526315789473685,0,0.0
Hybrid,182,632.3425333258309,210.61111111111111,18,1.0,10.777777777777779,0,0.0
Hybrid,183,858.5812750306086,222.52631578947367,19,1.0,10.947368421052632,0,0.0
Hybrid,184,547.6361158861102,160.27777777777777,18,0.9473684210526315,11.444444444444445,0,0.0
Hybrid,185,501.5506825216809,160.19444444444446,18,0.9473684210526315,11.61111111111111,0,0.0
Hybrid,186,545.3124160183831,109.47222222222223,18,0.9,13.055555555555555,0,0.0
Hybrid,187,829.2502700303743,222.6578947368421,19,1.0,10.68421052631579,0,0.0
Hybrid,188,398.00338820889266,221.3684210526316,19,1.0,13.263157894736842,0,0.0
Hybrid,189,751.3585586682613,210.94444444444446,18,1.0,10.11111111111111,0,0.0
Hybrid,190,595.1413491597299,160.22222222222223,18,0.9473684210526315,11.555555555555555,0,0.0
Hybrid,191,874.6268646653024,210.63888888888889,18,1.0,10.722222222222221,0,0.0
Hybrid,192,590.3956347107666,198.6764705882353,17,1.0,10.647058823529411,0,0.0
Hybrid,193,380.2403156428745,210.25,18,1.0,11.5,0,0.0
Hybrid,194,453.1023478224798,198.61764705882354,17,1.0,10.764705882352942,0,0.0
Hybrid,195,560.9911295911693,210.38888888888889,18,1.0,11.222222222222221,0,0.0
Hybrid,196,835.3743769297326,221.73684210526315,19,1.0,12.526315789473685,0,0.0
Hybrid,197,514.0263703368747,221.68421052631578,19,1.0,12.631578947368421,0,0.0
Hybrid,198,579.1989114188225,171.8684210526316,19,0.95,12.263157894736842,0,0.0
Hybrid,199,647.1033923408031,222.42105263157896,19,1.0,11.157894736842104,0,0.0
